-12.4418677279, -0.930390858492, 1.62633497269
-5.9765573644, 0.165768423201, -0.041743048335
-5.98046511573, 0.149592310145, -0.0388308884235
-5.99040433468, 0.135120445634, -0.0357433317824
-5.9902602244, 0.113472575503, -0.0298299014582
-6.00012254892, 0.0972066021111, -0.0262553061882
-6.01242395426, 0.0750022673705, -0.0202698095816
-6.00828686597, 0.0631479802401, -0.0178739476268
-6.0074453549, 0.0479308525374, -0.0136302570249
-6.01190706664, 0.0374376141991, -0.0102204248723
-6.01656255806, 0.0315862812336, -0.00889393414859
-6.01954790667, 0.0280278675909, -0.00821312637442
-6.03818811958, 0.0264087630838, -0.0082117467605
-6.03696799984, 0.025791646103, -0.00563901383727
-6.03750600795, 0.0255582576347, -0.00842314066115
-6.04541195373, 0.0236922891527, -0.0074073205946
-6.04995415476, 0.0274036491761, -0.00759816257922
-6.04796157647, 0.0262577698006, -0.00771005337617
-6.05025044375, 0.0247895131662, -0.00709306562429
-6.04402989844, 0.0257016045547, -0.00617581352616
-6.01620449414, 0.0233097076087, -0.00637007262022
-6.01959615388, 0.0197162096934, -0.00795791059931
-6.03833282482, 0.0189992852186, -0.00656300796401
-6.04238298885, 0.0201251009886, -0.00634956779516
-6.04498049325, 0.0187147598372, -0.00450165710271
-6.06653904406, 0.0186086905607, -0.00627757508935
-6.0937709329, 0.0177409306487, -0.00496675547892
-6.10963784123, 0.0191822833351, -0.00472793919662
-6.10785682308, 0.0218450053604, -0.00511966343584
-6.13252391235, 0.0244963682451, -0.00674049218832
-6.13158026025, 0.024902927886, -0.00815657513751
-6.15273752707, 0.0234285070429, -0.00729630890353
-6.16964034178, 0.0256824239103, -0.00829443336019
-6.16681502557, 0.0259039671148, -0.00761045876836
-6.19611475275, 0.0265417724858, -0.0079982485542
-6.18467184209, 0.0268066519695, -0.00865096052127
-6.17473107918, 0.0273419815336, -0.00612419109504
-6.15786466888, 0.0224700399617, -0.00679969205685
-6.14334863098, 0.0199414842835, -0.00631327892522
-6.12673723896, 0.0218325035639, -0.00702249103696
-6.16381483789, 0.0234162750288, -0.00613277055147
-6.17179866154, 0.0247215810977, -0.00675680917171
-6.18423905267, 0.0251391793978, -0.00606052657882
-6.18391037164, 0.0222690413822, -0.00598884702768
-6.20913188242, 0.023558024692, -0.00760612957457
-6.19174408541, 0.0237350480996, -0.00685482714678
-6.17778473666, 0.022670307417, -0.00775394723251
-6.18810198355, 0.0248576505297, -0.007272034006
-6.20093399248, 0.0299082108742, -0.00755427352165
-6.2072425559, 0.0279423228213, -0.00792229760013
-6.22250893066, 0.0255712054114, -0.00622309037207
-6.23694421471, 0.0264435301048, -0.00889749640943
-6.23646198486, 0.0279093566762, -0.00706972630789
-6.24860473658, 0.0277783215558, -0.00882718156049
-6.26202249053, 0.0264297946033, -0.00748480556761
-6.21962104035, 0.025390502319, -0.00849158527319
-6.19264307927, 0.0235796175491, -0.00790574733962
-6.191338073, 0.0203178062182, -0.00540132753641
-6.15980620096, 0.0186581925116, -0.00551000879349
-6.16229098894, 0.0201365904233, -0.00501463980557
-6.14830829545, 0.0181900784224, -0.0058475079712
-6.13625097087, 0.0202847655729, -0.00711804318235
-6.129044822, 0.0216327225738, -0.00481789072143
-6.12133825351, 0.0234668787803, -0.00737878577613
-6.11235653466, 0.0239506936993, -0.00775725091803
-6.11208387776, 0.0210718357353, -0.00675425305347
-6.079458636, 0.0224322956267, -0.00529223992097
-6.05720550981, 0.0238643487921, -0.00693768350691
-6.04929152997, 0.0248060040057, -0.00725604785202
-6.04975525847, 0.0258322569584, -0.00844505733001
-6.04659270129, 0.0235143233487, -0.0071873521568
-6.04659696144, 0.0214156690738, -0.00498823781349
-6.058756978, 0.0200925778432, -0.00628184238504
-6.05906252053, 0.0202203389681, -0.00529595023412
-6.05017644332, 0.0194365730525, -0.00605507611884
-6.04776149369, 0.0193104430844, -0.00676862406225
-6.04066869284, 0.0181174041983, -0.00629217577435
-6.05206952473, 0.0223193629569, -0.00550899655471
-6.07278368029, 0.0248637483529, -0.00767300111084
-6.07464494516, 0.0239432760293, -0.00648770707001
-6.03076138496, 0.0224066592667, -0.0060514827023
-6.03966327306, 0.0238205072969, -0.00868325484065
-6.03224345145, 0.02754167054, -0.00811264091835
-6.05742400123, 0.0249657918346, -0.00733887282682
-6.06311532006, 0.0234292966089, -0.00509513784978
-6.09181569084, 0.0255120207763, -0.00828100197873
-6.06876036935, 0.0279847615974, -0.00876665249358
-6.06038343701, 0.0251424440272, -0.007844615387
-6.10502534005, 0.0206455436562, -0.00658530399667
-6.1005498087, 0.0209163385438, -0.00784232297395
-6.12399844903, 0.0212732958472, -0.00629616166206
-6.11767430928, 0.0225011427394, -0.00476507620104
-6.10181186499, 0.0217811679766, -0.00777317258045
-6.12656560365, 0.0213719534599, -0.00585218183367
-6.13851969411, 0.0243152515439, -0.00647634599372
-6.11405990014, 0.0236045357811, -0.0078761939379
-6.09323562904, 0.024574368924, -0.00627229176024
-6.08667967088, 0.02380737974, -0.00610966460564
-6.11127834274, 0.0221659596503, -0.00538156553171
-6.11432177018, 0.0243433195165, -0.00722602261542
-6.12951246673, 0.0262364719986, -0.00748248500797
-6.09495599842, 0.0272745094649, -0.00809946545462
-6.10493386994, 0.025019304098, -0.0082426769085
-6.11542541955, 0.0252774999537, -0.00839617016873
-6.11763679723, 0.0285578709957, -0.00811299138614
-6.12571096594, 0.0248757026335, -0.00815829462349
-6.14650069419, 0.023879044456, -0.00669040446064
-6.13959753884, 0.0269069774138, -0.00718273523818
-6.14243994616, 0.0277521183495, -0.00621950685491
-6.14238828759, 0.0240922047375, -0.00676356879763
-6.12412795646, 0.0213608585036, -0.0062610372803
-6.11608819545, 0.0208200881316, -0.00630624056539
-6.09042510777, 0.0186644877964, -0.00474224327047
-6.05284311102, 0.0209448731086, -0.00733758338297
-6.02581289732, 0.0248271453121, -0.00643323476949
-5.99561641263, 0.0242207580744, -0.00748381127655
-6.01172746908, 0.0238403812226, -0.00683082791277
-6.02124691772, 0.0244544739141, -0.00693059141355
-6.01295634502, 0.0220534359443, -0.00730276152086
-6.04387590928, 0.0223925409666, -0.00744824314437
-6.05450946711, 0.0227845878212, -0.0061987490734
-6.04202473423, 0.0230648456399, -0.00752128692005
-6.04063959476, 0.0232506303779, -0.0052594203815
-6.03318847937, 0.0197275143774, -0.00676159782751
-6.02397341073, 0.0190954184411, -0.007145489085
-6.01552469691, 0.0207865200742, -0.00579954992243
-6.01036763149, 0.0215562946778, -0.00571189012563
-6.06408077434, 0.0212052528935, -0.00611332519463
-6.03723119936, 0.0244053141329, -0.00770610232192
-6.02121990258, 0.0233128652661, -0.00686039309439
-6.0145757107, 0.020430450009, -0.007647961834
-6.00695627382, 0.0226090331747, -0.00696543161069
-6.00780469255, 0.022326840687, -0.00659261984887
-6.04782462752, 0.0223288329409, -0.00710889808001
-6.02430392305, 0.0220525768045, -0.00498145577225
-6.01019191907, 0.0220389552239, -0.0077638266526
-6.00255804842, 0.0218798218753, -0.00717698243048
-5.97618028569, 0.0228553479375, -0.00723390581688
-5.98959339742, 0.020338839711, -0.00541515574265
-5.99152766134, 0.0209619530533, -0.00768091964801
-6.00382318947, 0.0231875541567, -0.00771637773254
-6.02465374103, 0.0247603153842, -0.00729804537225
-5.99360632588, 0.0250039010523, -0.00578851182995
-5.93467083735, 0.023944391552, -0.00716404557968
-5.95349083431, 0.0244936461122, -0.0068805689778
-5.97889221929, 0.0245846307804, -0.00570302389822
-5.96628402155, 0.025991904792, -0.00820270413005
-5.95594358185, 0.0250749104175, -0.00664118829818
-5.92830541053, 0.0254911912689, -0.00701516710568
-5.90508755058, 0.0241553732317, -0.00784858806739
-5.87983095328, 0.0221935217604, -0.00667420920988
-5.88118786232, 0.0250349965143, -0.00676946767884
-5.84026051682, 0.026476305635, -0.00670075625251
-5.82870574803, 0.0251508874345, -0.00719011492727
-5.83063915717, 0.0207273117363, -0.00727544151852
-5.80790487088, 0.0207043320031, -0.00621081527182
-5.79274388051, 0.0198679859714, -0.00675072815739
-5.76388929942, 0.0225377573484, -0.0064483233897
-5.72468525519, 0.0209284080612, -0.00676305300849
-5.73598615827, 0.0209348833988, -0.0070080548412
-5.72634766156, 0.0211226087055, -0.00515777456232
-5.72440322821, 0.01984857486, -0.00530599113866
-5.70597833751, 0.0206149546772, -0.00539391402694
-5.660279558, 0.022125584378, -0.00642584664991
-5.66465155916, 0.021870733379, -0.00791299486108
-5.66183143531, 0.0200985386878, -0.00634669368171
-5.68313431953, 0.0167245063366, -0.00527122120844
-5.69243307406, 0.0182356533963, -0.00685347062473
-5.72423174662, 0.0170625586774, -0.00527238817977
-5.74177471957, 0.016766814826, -0.00590030212654
-5.72522144142, 0.0177157546672, -0.00475439860779
-5.72010967101, 0.0171600587858, -0.0050063399703
-5.70960156155, 0.0180165024641, -0.00480297526208
-5.70406095636, 0.0173038088523, -0.00470139187363
-5.71482664477, 0.0209940909412, -0.00496142121573
-5.71876861704, 0.0198840073358, -0.00640402396742
-5.73479546477, 0.019849408423, -0.00461567282626
-5.75076879897, 0.0214800232741, -0.00590799850246
-5.75706730814, 0.0180120574158, -0.00672242520103
-5.75801003408, 0.0163056752401, -0.00633192610952
-5.75876332885, 0.0128266044469, -0.00437393603102
-5.71456268065, 0.0162554471994, -0.00472185971888
-5.70688323082, 0.0173517404574, -0.00586590659222
-5.70303709207, 0.018056512487, -0.00479822716251
-5.69745551521, 0.0172872478576, -0.00594517555286
-5.68396626122, 0.0179010086967, -0.00592184737156
-5.70399742515, 0.0154442925086, -0.0047250966434
-5.71445915245, 0.0173389307047, -0.00501156353255
-5.7313086271, 0.0134045455726, -0.00555590926867
-5.73958500283, 0.0142422167416, -0.00299408138306
-5.73234362776, 0.0144501846075, -0.00551169642481
-5.71650880468, 0.0180065718517, -0.00579647709592
-5.73374134838, 0.0165800822781, -0.00471892331718
-5.72193661352, 0.0158099981793, -0.00518158040199
-5.71263083282, 0.0167575606254, -0.00473483211416
-5.74103321283, 0.0177110080295, -0.00383697158627
-5.7309560846, 0.0223631215384, -0.004597239479
-5.7152155717, 0.0216725858907, -0.00632039501167
-5.70857973332, 0.023313856421, -0.00783334432555
-5.68431406843, 0.0232357736327, -0.00683781747203
-5.67554189809, 0.0220841729021, -0.00660507876339
-5.68873537761, 0.0229696519858, -0.00684847621999
-5.66250495079, 0.0226432884727, -0.00708004157792
-5.65316152132, 0.0224222293351, -0.00632187749011
-5.63030033661, 0.0221215136898, -0.00677603234378
-5.60170968457, 0.0225994486985, -0.00708953149455
-5.57491284626, 0.0215724391224, -0.00582648458335
-5.58915725469, 0.0218027555653, -0.00688112300248
-5.58070406295, 0.022570863096, -0.00768089850698
-5.60129141381, 0.023083953709, -0.00702695458148
-5.63532467067, 0.0225675435733, -0.00712036930867
-5.66251409606, 0.0205876537668, -0.00735580610881
-5.66614587798, 0.0209422645477, -0.00802564316575
-5.65479194001, 0.019882828811, -0.00549565931116
-5.63602767803, 0.0211133754357, -0.00598156589123
-5.61568647284, 0.0220695724604, -0.00690381128342
-5.61174284462, 0.0237657052284, -0.00667993373233
-5.62965144743, 0.0231778476319, -0.00764581398163
-5.63753270751, 0.0251687317897, -0.00579148087671
-5.61881326465, 0.022218664784, -0.00830008401327
-5.62049682504, 0.020627395655, -0.00592156280506
-5.58282456904, 0.0200142105512, -0.00752373109455
-5.55693876333, 0.0163115505589, -0.00584847644004
-5.54506660629, 0.0168298486482, -0.00674120781365
-5.53023473574, 0.0175213750922, -0.00377829251372
-5.52947663454, 0.0190963862406, -0.00397826667769
-5.51301300636, 0.0191856186392, -0.00649794414377
-5.53554027359, 0.019916142569, -0.00493702049627
-5.55464059225, 0.0181674438955, -0.00455211611284
-5.5207275695, 0.0192333727291, -0.00662017233563
-5.55018084862, 0.0192155183948, -0.00619980311356
-5.54402283324, 0.0170693141376, -0.0054664051304
-5.5280522794, 0.0186435959152, -0.00590253645388
-5.50500699261, 0.0187335495926, -0.00782895618642
-5.51499567444, 0.0170236801377, -0.00491783573533
-5.51256987987, 0.0156101316599, -0.00466148554823
-5.5085351672, 0.01773566528, -0.00598686998152
-5.54405164733, 0.0189766459614, -0.00709406204131
-5.55941087058, 0.0205182243222, -0.00617674527137
-5.58778063498, 0.0214398996084, -0.00664664420594
-5.58211352204, 0.0202675675237, -0.00598946235059
-5.60169934511, 0.0218424198631, -0.00647130429212
-5.61359749508, 0.0212133769756, -0.00611726761049
-5.59210321349, 0.0203539558765, -0.00658257151709
-5.56735139938, 0.0219122902899, -0.00689845107561
-5.57503767843, 0.0238039052795, -0.00664569887141
-5.56376993302, 0.0243771507157, -0.00664379885659
-5.56215268187, 0.0292267898576, -0.00852546164598
-5.56138604062, 0.0273755293911, -0.00822807879952
-5.56840666135, 0.0289073505925, -0.00784656860841
-5.54424781924, 0.0291881730767, -0.00625494469804
-5.53096297473, 0.0305055908782, -0.00790271894932
-5.51661703011, 0.0278073187129, -0.00860487018032
-5.52514511293, 0.026273086877, -0.00765414899292
-5.53901476638, 0.0259763330563, -0.00749785205593
-5.53129220471, 0.0291962563507, -0.0081387216135
-5.53879805517, 0.0290883379447, -0.00742061424038
-5.57508366025, 0.02543715666, -0.00742923195321
-5.57400159038, 0.0265814576893, -0.00640316492368
-5.55802397531, 0.0262925859359, -0.00708552968644
-5.56439625066, 0.027086523071, -0.00821770650352
-5.56268407595, 0.0282287497267, -0.00754758068694
-5.5519116352, 0.0251340830844, -0.00811768609774
-5.57199504757, 0.0247395628722, -0.00719100379427
-5.54637586874, 0.0253599922188, -0.00697336102308
-5.5562900995, 0.0256776600393, -0.00884618778982
-5.55483314139, 0.0249090118681, -0.00794988887892
-5.5757001616, 0.0268557117226, -0.00774612342923
-5.57764927871, 0.0276371693518, -0.00724951668026
-5.60252934707, 0.0271359204184, -0.00642383062681
-5.61964071065, 0.0229819572822, -0.00697606507626
-5.64606493169, 0.0212829685619, -0.00586578667245
-5.62388791393, 0.01727211835, -0.00675079954882
-5.63925977089, 0.0201467819842, -0.00603778723376
-5.64647883545, 0.0179633800538, -0.00542580720069
-5.64498476522, 0.0171718981264, -0.00482722793409
-5.62620434949, 0.0164299289322, -0.006730857021
-5.62571038064, 0.017136449194, -0.00593433388754
-5.62564903432, 0.0177178544531, -0.00479170004844
-5.65204271322, 0.0204636528169, -0.00697819446497
-5.68979741811, 0.0205198299431, -0.00629072122674
-5.68424165273, 0.021104740452, -0.00624994980558
-5.7151553575, 0.0202993710618, -0.00679439206901
-5.69041539808, 0.0220877225191, -0.00579318208743
-5.69165646706, 0.0226624518482, -0.00521674648241
-5.67389031368, 0.019429924812, -0.00711552825564
-5.64777968546, 0.0190433077337, -0.0053481675099
-5.68966832593, 0.0191036373908, -0.00428302654314
-5.66687206244, 0.0205555950169, -0.00556324680015
-5.66624674405, 0.0222943799661, -0.00727035196259
-5.68628764934, 0.0227340708835, -0.00608075116353
-5.69031659792, 0.0222090480941, -0.00603084718994
-5.70382345419, 0.0193039800513, -0.00530325170229
-5.71634739455, 0.0205956486291, -0.00676731116564
-5.71309218506, 0.0185595411086, -0.00837497226175
-5.71171709164, 0.0186842499215, -0.00527177860521
-5.70052414767, 0.0187897938039, -0.00570343895887
-5.68275378906, 0.0182316794535, -0.0062472828327
-5.69536533235, 0.0184988187932, -0.00492069122068
-5.71373503865, 0.021011531707, -0.00513028781636
-5.72324242781, 0.0194541902446, -0.00672816994833
-5.74099565742, 0.0177091113316, -0.00583081046099
-5.75270085599, 0.0187998229332, -0.00534503852761
-5.75537656801, 0.0213606420392, -0.00545331318816
-5.74827494089, 0.0248549365077, -0.00646621520637
-5.73198770732, 0.0218808938826, -0.00687544896781
-5.75354395455, 0.0220517300881, -0.00676846746435
-5.78135133697, 0.0183753777095, -0.00564464338199
-5.7601728962, 0.0160030010574, -0.00620009596398
-5.74279148464, 0.017524284231, -0.00600045676813
-5.72693880588, 0.0231551917481, -0.00654278866297
-5.7208615236, 0.0248900848712, -0.00699909897308
-5.74937839434, 0.0259419718645, -0.0071698969861
-5.77767591297, 0.0230162744865, -0.00603115709141
-5.8009733866, 0.02344782528, -0.00673016683947
-5.80812190911, 0.0250066024104, -0.00715535814137
-5.85124368481, 0.0249174329464, -0.00721971657277
-5.8191640939, 0.023558021069, -0.00647210543349
-5.82277357304, 0.0244383943744, -0.00702629809299
-5.81468863267, 0.0265973801256, -0.00776322331328
-5.82393588428, 0.0267318691139, -0.00704793107527
-5.81473367435, 0.0214509762964, -0.00733334520392
-5.83738617932, 0.0214724334403, -0.00790084770408
-5.89278074871, 0.0203248416, -0.00430923355102
-5.9115464835, 0.0229137691191, -0.00675837851145
-5.90711877204, 0.0242636691137, -0.00888493815068
-5.87207696761, 0.022390815556, -0.00720661571969
-5.87020969167, 0.0230934486441, -0.0064651964766
-5.87738988006, 0.0263338449044, -0.00622115785475
-5.90016997708, 0.0265953512716, -0.00847187660327
-5.90217493591, 0.0287659259911, -0.00798517044712
-5.90431848661, 0.0260973989047, -0.00714879535107
-5.95548362103, 0.0262734331937, -0.00835348147436
-5.94774123165, 0.0251519804407, -0.00781603645738
-5.9452355088, 0.0249375711503, -0.0073872343015
-5.96217446331, 0.0226203114732, -0.00621481890677
-5.96955184103, 0.0218905618703, -0.00786174987061
-5.98940158638, 0.019103316125, -0.00698132676185
-6.00927849212, 0.0186393250929, -0.00621606456043
-5.99639895614, 0.0177371542623, -0.00441400514202
-5.99870664805, 0.0209182106659, -0.00578294715172
-5.98893282022, 0.0216854669917, -0.00631445276444
-5.97999657373, 0.0231528343093, -0.0061705526408
-5.9662258106, 0.0204662939787, -0.00627369086586
-5.99264357192, 0.0224873937851, -0.00563790035902
-5.99051382532, 0.019119807583, -0.00687390103959
-6.00074595308, 0.0201594366774, -0.00591989734109
-5.96960963267, 0.0203254302072, -0.00587732043414
-5.97534199717, 0.0194363865528, -0.00782742044559
-5.98948712396, 0.0186427201844, -0.0059354783271
-5.96870042383, 0.022284016188, -0.0063068361389
-5.97152708502, 0.0223494274104, -0.00787078181077
-5.91994534829, 0.0238292438645, -0.00701937517947
-5.90320428234, 0.0233566104961, -0.00652199552202
-5.88934827551, 0.0220622104871, -0.00681812393865
-5.90529706506, 0.0183514320096, -0.00541467994263
-5.87180889098, 0.0215169312386, -0.006636368283
-5.88525378126, 0.0198008610872, -0.00706920111819
-5.85844417019, 0.0174875644702, -0.00451632812778
-5.89725102993, 0.0214642005137, -0.00682564774191
-5.90325397219, 0.022986699456, -0.00753050771523
-5.92779750653, 0.0238764338169, -0.00761122665693
-5.90907003363, 0.0235921354904, -0.0079012296589
-5.91422923011, 0.0218777278662, -0.00704358852306
-5.9116579386, 0.0210524335847, -0.00676716970399
-5.9458527428, 0.0197429870831, -0.00687350848661
-5.96996703666, 0.022615714781, -0.00537527475839
-5.96315383627, 0.0214843584311, -0.00535182797384
-5.95985643455, 0.0207435457459, -0.00653645509736
-5.93418058231, 0.0222603661017, -0.00670549494078
-5.91052403572, 0.0223989615701, -0.00698486252482
-5.94301755593, 0.0239352467912, -0.0080280466709
-5.9447057513, 0.0246095980525, -0.00753075278346
-5.92443527376, 0.0221097570448, -0.00742555175519
-5.91185838668, 0.0215991910388, -0.00812471041429
-5.91184629574, 0.0208113182195, -0.00646464736574
-5.89925627864, 0.0206531077498, -0.00581549564361
-5.89467560354, 0.0218369131236, -0.00665395896008
-5.84245814848, 0.0191934816748, -0.00685464424914
-5.84317556098, 0.0214982059597, -0.00768282020718
-5.85682785771, 0.0213373478496, -0.00727664008869
-5.87258168682, 0.0218128443992, -0.0067569778002
-5.91163303525, 0.018486079668, -0.00619936723681
-5.89114878131, 0.0160331469355, -0.00548384998862
-5.87384563618, 0.0168982277756, -0.00573368472348
-5.83383829718, 0.0199403618693, -0.00522406127315
-5.80597242166, 0.0202385114955, -0.00673829635019
-5.77017757531, 0.0220783429773, -0.00594921874857
-5.75195824744, 0.0232374738979, -0.00568391048599
-5.74899281842, 0.0201946276041, -0.0068566253087
-5.75401273481, 0.0221685417703, -0.00683500540154
-5.72981003045, 0.0235065659124, -0.00738002291648
-5.75688033978, 0.022997409857, -0.00655623931058
-5.76825616703, 0.0246948925604, -0.00641210699547
-5.80308206772, 0.0258158689624, -0.00687042473355
-5.80710001167, 0.0226481525207, -0.00694441070614
-5.80888904168, 0.0225261394931, -0.00522690865307
-5.85308425573, 0.0233667613204, -0.00739058998659
-5.81702215795, 0.0220261082857, -0.00674032162824
-5.84728996007, 0.0229971154222, -0.00691311766219
-5.84787102973, 0.0249321472612, -0.00827059383349
-5.85093121609, 0.0261465921219, -0.00761058689335
-5.88246536618, 0.0263530349422, -0.00844972857983
-5.88918668372, 0.0273414088917, -0.00791129187358
-5.8627990213, 0.0269639784124, -0.00740367571996
-5.87025227435, 0.0256509289874, -0.00599456934906
-5.88586310194, 0.0255176579823, -0.00725890637032
-5.87821380149, 0.0232613943266, -0.00670149577768
-5.85531910457, 0.0240284136235, -0.00821950001985
-5.82013409146, 0.0252604203343, -0.00675704913621
-5.80728161275, 0.0240969669321, -0.00674336085071
-5.84995289487, 0.0236548306079, -0.00634385597745
-5.87802647691, 0.0269684093682, -0.00758381841011
-5.88820766904, 0.0242168687349, -0.00535491883447
-5.86054643169, 0.0228118427909, -0.00725104498303
-5.85803677996, 0.023055569692, -0.00750166403745
-5.89711264428, 0.0219851300597, -0.00596404774696
-5.89656178339, 0.0181611059581, -0.00624520321468
-5.89573370703, 0.0217842539666, -0.00536969887987
-5.90088353627, 0.0214050096076, -0.00620643547928
-5.90510587187, 0.0243287053492, -0.00646573469114
-5.87411127426, 0.0248398033847, -0.00692380436464
-5.89394853598, 0.0255007381795, -0.00769308588831
-5.86907051982, 0.0254789859242, -0.00570224973474
-5.89715374967, 0.028076105365, -0.00773911310691
-5.86355817068, 0.025136178851, -0.0075960400386
-5.84577834976, 0.0224296403332, -0.00719476267278
-5.84988536154, 0.020748646305, -0.00557627765131
-5.86079009927, 0.0196870982766, -0.00549661874061
-5.86237109032, 0.0195800779249, -0.00571756554516
-5.85890429272, 0.0204343760926, -0.0074908197399
-5.89570608296, 0.0215017281458, -0.00545756534661
-5.92067524892, 0.0201750531217, -0.00546694343181
-5.89303771817, 0.0201894776752, -0.00640559515673
-5.90133641909, 0.0209113971017, -0.0069984377637
-5.88818918568, 0.0190301222016, -0.00611289636596
-5.89149976277, 0.0208327691462, -0.0064129410412
-5.87811925442, 0.0190727320675, -0.00773202762301
-5.9121919751, 0.0187860636033, -0.00844435112558
-5.9050016854, 0.0202599834433, -0.00564857252361
-5.94173973154, 0.0176281187234, -0.00578618168049
-5.93570471755, 0.0152395568865, -0.00643745928135
-5.92161272596, 0.0166116701161, -0.00393619850453
-5.94416916326, 0.0163869262279, -0.00657542830697
-5.97350690315, 0.0150550147275, -0.00504837992241
-5.97698027102, 0.0163675041599, -0.00528730319133
-5.89515738937, 0.0168424932048, -0.00650183547292
-5.87732112179, 0.0171423862798, -0.00752131666891
-5.89108579899, 0.0185512070106, -0.00552016866438
-5.81630769523, 0.0222794544776, -0.00609488290799
-5.79612260297, 0.022762052905, -0.00924412941537
-5.73132973775, 0.0256677162304, -0.00670225866382
-5.7250250682, 0.0233116779039, -0.00642760015089
-5.71265898034, 0.0255645184462, -0.00683036623558
-5.70863269981, 0.0228535887253, -0.00751396730122
-5.67107597597, 0.0221061541649, -0.00654194084295
-5.68322109585, 0.0189002747686, -0.00530803951972
-5.69207573849, 0.0245838493323, -0.00609992990699
-5.67140299336, 0.0272682856871, -0.00804546339033
-5.65305151575, 0.0259048723976, -0.00831301053991
-5.622525739, 0.0239052608395, -0.0074005648895
-5.59800409364, 0.0229470006334, -0.00603679367223
-5.6318774644, 0.0216875829297, -0.00639766106551
-5.66774929511, 0.0224108081251, -0.00655459840564
-5.65526669053, 0.0209547822537, -0.00600298032582
-5.68371350617, 0.0188887921382, -0.00670487132507
-5.74256786319, 0.0184721416196, -0.00687650534089
-5.72647624765, 0.0182559475595, -0.00548281854271
-5.71608910696, 0.017343940465, -0.00628414513482
-5.71024309175, 0.0185823377, -0.00441358976548
-5.67716468491, 0.0172365334582, -0.00576969397157
-5.675637885, 0.0177846096779, -0.00610735856957
-5.65438606472, 0.0194128548762, -0.00532998125585
-5.67652004341, 0.0198624437861, -0.00679794326549
-5.66012626389, 0.0209874672446, -0.00578003988093
-5.63809260626, 0.0200745354234, -0.00785514731104
-5.65046078617, 0.0181085973869, -0.00601253657852
-5.67801845173, 0.0216797314853, -0.00697821899991
-5.69362652119, 0.0187609947393, -0.0063008063683
-5.68906485082, 0.0215429504493, -0.00600263143054
-5.69805681198, 0.022218502801, -0.00631446428638
-5.72597891652, 0.0203181572221, -0.00478018800902
-5.72857911176, 0.0174918846301, -0.00462324005915
-5.72654851354, 0.0175522686524, -0.00518142854205
-5.72953817478, 0.018984796129, -0.00713336093324
-5.73769232505, 0.0236530828345, -0.00617083399883
-5.69569030757, 0.0233852177058, -0.00620809711991
-5.70986858499, 0.0228744512367, -0.00608823262949
-5.69793584409, 0.0217554947705, -0.00725419900422
-5.69129019588, 0.0219467608987, -0.00644256767302
-5.70323360046, 0.0203562697088, -0.0066467601997
-5.68942032311, 0.0174011150636, -0.00592516405536
-5.68993758287, 0.02122787846, -0.0072795105623
-5.68878099251, 0.0216143258398, -0.00663982141522
-5.70047551062, 0.0197003499476, -0.00469025354815
-5.69990250117, 0.020639682714, -0.00564537924831
-5.70320435582, 0.0193603881655, -0.00624395970859
-5.72697170029, 0.0176681298866, -0.00477812271703
-5.69190264716, 0.0165651537253, -0.00750874202103
-5.71195807655, 0.0159134539804, -0.00533207252214
-5.73116099817, 0.0168583851783, -0.0070637860671
-5.73090500341, 0.015168293759, -0.00494390074611
-5.72239895668, 0.0137039367139, -0.00443741322288
-5.70459345251, 0.0137316424424, -0.00414173091546
-5.71844650333, 0.0167073892848, -0.00579383048011
-5.74875767664, 0.0159886045391, -0.00423423527146
-5.78685385506, 0.0205915625145, -0.0045944410951
-5.78625223055, 0.0233313938692, -0.00711787532682
-5.81082498384, 0.0243291300571, -0.00712767165446
-5.81891919306, 0.0234717420638, -0.00651113021176
-5.82271454899, 0.0250757707759, -0.0078458204396
-5.82171247394, 0.0229017452787, -0.00800901689549
-5.82696693841, 0.024403102754, -0.0054374986902
-5.83806217852, 0.0226678384011, -0.0063505623634
-5.85046845417, 0.0237927962144, -0.00775119153858
-5.82632755423, 0.0247214452247, -0.00633321230095
-5.83911974533, 0.0238811942473, -0.00717053815845
-5.86148856355, 0.0215718915327, -0.0072968264042
-5.87897582215, 0.0226241954947, -0.00639140600367
-5.88866673403, 0.0212435009803, -0.00682794452018
-5.90391549649, 0.0223884860042, -0.00674339119968
-5.90976892802, 0.0238130895402, -0.00581503106967
-5.92328480632, 0.0261583876104, -0.00768335452168
-5.92594294479, 0.0273829847503, -0.00806776784912
-5.92142524442, 0.0276152744934, -0.00602871201746
-5.94563827644, 0.024986498046, -0.00623629914443
-5.98605948363, 0.0246407686757, -0.00695155288641
-5.99185891091, 0.0247582416374, -0.00751414130342
-5.97143504765, 0.023731278205, -0.0065280438563
-5.94985644906, 0.0229024142035, -0.00632121785907
-5.95756342042, 0.02425778182, -0.00747714630364
-5.94471596406, 0.0202700293841, -0.00535033885317
-5.96392787108, 0.0224449662177, -0.00571189512712
-5.98094667589, 0.0255148153025, -0.00741720332881
-5.98759226665, 0.0253910002949, -0.00715349931737
-5.98216853257, 0.0246254825975, -0.0080718214166
-5.96222190823, 0.0236852193139, -0.00687380406199
-5.95380168762, 0.0201869758681, -0.00648490520077
-5.9232315564, 0.0207995493494, -0.00661995839817
-5.95019593185, 0.0160076087779, -0.00487695606489
-5.97519996346, 0.0186099301369, -0.00486329994654
-5.97033287724, 0.0205621826933, -0.00548553599565
-5.95546516496, 0.0242740120228, -0.00664420679318
-5.91511685447, 0.0228413387962, -0.00758387992954
-5.90802661619, 0.022335814283, -0.00639564316076
-5.93146245425, 0.0248309258925, -0.00687401669253
-5.96168779399, 0.0225362177162, -0.00534315130372
-5.98705771702, 0.0225454372582, -0.00811040579392
-6.02376098638, 0.0240859390908, -0.00761857350446
-6.01982911906, 0.0233766643145, -0.00625800147368
-6.06527891919, 0.0267413999493, -0.00817449504343
-6.08806713046, 0.0233224329451, -0.0079135910252
-6.11622251082, 0.0259016162799, -0.00785535804755
-6.12665055817, 0.0240519456232, -0.00683871728108
-6.1240584314, 0.0216847232233, -0.00498956048849
-6.13363555516, 0.022561010873, -0.00690538265477
-6.14101590232, 0.0210375936523, -0.00589310680824
-6.13168096051, 0.0194600835321, -0.00412712868267
-6.12553072755, 0.0207057948942, -0.00651846772212
-6.12180257347, 0.0236379149159, -0.00699176846293
-6.12497143748, 0.0248936334616, -0.00712024800742
-6.12811531912, 0.0260681862718, -0.00737501052964
-6.10780596467, 0.0264787568918, -0.00687217959051
-6.08793905881, 0.0255099703617, -0.0061702457762
-6.09542184208, 0.0192102343522, -0.00654086043686
-6.09520110838, 0.0201130700463, -0.00633462468891
-6.08244757288, 0.0223770960991, -0.0062736261127
-6.08548819617, 0.0196108756447, -0.00521153276051
-6.10134183356, 0.0238915708777, -0.00693790992509
-6.0846821354, 0.0281474116626, -0.00752468803184
-6.08640718817, 0.0291327499841, -0.00757369511262
-6.01943478427, 0.0266300735328, -0.00760225426626
-6.01096997322, 0.0232855113252, -0.00743759110297
-6.04065998841, 0.0234435286012, -0.00784178103941
-6.03675090307, 0.0230754459249, -0.00622613275904
-6.04333861129, 0.0210322849769, -0.00702701643243
-5.98832831748, 0.0234178882759, -0.00691991270915
-6.00365747114, 0.0217682015239, -0.00681387850819
-5.96104445289, 0.0187714949089, -0.00544683550116
-5.94753960076, 0.0237252981538, -0.00675195665831
